<?xml version="1.0" encoding="UTF-8"?>
<library xmlns="http://www.netbeans.org/ns/library-declaration/3" version="3.0">
    <name>MyLibrary1jdbc</name>
    <type>j2se</type>
    <display-name>MyLibrary1jdbc</display-name>
    <volume>
        <type>classpath</type>
        <resource>jar:file:/C:/Turbo/NetBeans%208.0.2/ide/modules/ext/mysql-connector-java-5.1.23-bin.jar!/</resource>
    </volume>
    <volume>
        <type>src</type>
    </volume>
    <volume>
        <type>javadoc</type>
    </volume>
    <volume>
        <type>maven-pom</type>
    </volume>
    <properties/>
</library>
