<?xml version="1.0" encoding="UTF-8"?>
<!DOCTYPE fontscolors PUBLIC "-//NetBeans//DTD Editor Fonts and Colors settings 1.1//EN" "http://www.netbeans.org/dtds/EditorFontsColors-1_1.dtd">
<fontscolors>
    <fontcolor default="field" name="markup-attribute"/>
    <fontcolor bgColor="gray" name="nbeditor-bracesMatching-match"/>
    <fontcolor foreColor="ffb5bd68" name="string"/>
    <fontcolor name="text-limit-line-color"/>
    <fontcolor foreColor="ff666666" name="code-folding"/>
    <fontcolor foreColor="ffcc0099" name="synchronized-text-blocks-ext"/>
    <fontcolor bgColor="ffd83636" name="nbeditor-bracesMatching-mismatch"/>
    <fontcolor bgColor="black" name="highlight-caret-row"/>
    <fontcolor foreColor="black" name="caret-color-overwrite-mode"/>
    <fontcolor foreColor="white" name="error" waveUnderlined="red"/>
    <fontcolor default="default" name="entity-reference"/>
    <fontcolor name="operator"/>
    <fontcolor name="status-bar"/>
    <fontcolor name="guarded"/>
    <fontcolor foreColor="ffb5bd68" name="number"/>
    <fontcolor bgColor="ff1f272b" foreColor="ffd8dbd9" name="default">
        <font name="Consolas" size="14"/>
    </fontcolor>
    <fontcolor name="warning" waveUnderlined="yellow"/>
    <fontcolor bgColor="ffd83636" name="nbeditor-bracesMatching-mismatch-multichar"/>
    <fontcolor foreColor="ffde935f" name="keyword"/>
    <fontcolor name="identifier"/>
    <fontcolor default="identifier" name="method"/>
    <fontcolor foreColor="red" name="status-bar-bold"/>
    <fontcolor default="keyword" name="markup-element"/>
    <fontcolor default="string" name="markup-attribute-value"/>
    <fontcolor bgColor="ffffb442" foreColor="black" name="highlight-search"/>
    <fontcolor foreColor="ff666666" name="code-folding-bar"/>
    <fontcolor name="separator"/>
    <fontcolor foreColor="ff996600" name="synchronized-text-blocks-ext-slave"/>
    <fontcolor name="url" underline="blue"/>
    <fontcolor default="identifier" name="field"/>
    <fontcolor bgColor="ffe0e8f1" foreColor="black" name="block-search"/>
    <fontcolor bgColor="ff5b5b5b" name="selection"/>
    <fontcolor name="char"/>
    <fontcolor bgColor="ffffb442" foreColor="black" name="inc-search"/>
    <fontcolor bgColor="gray" name="nbeditor-bracesMatching-match-multichar"/>
    <fontcolor foreColor="ff428bdd" name="comment">
        <font style="italic"/>
    </fontcolor>
    <fontcolor name="whitespace"/>
    <fontcolor foreColor="ff49b0eb" name="caret-color-insert-mode"/>
    <fontcolor foreColor="blue" name="hyperlinks" underline="blue"/>
</fontscolors>
